Name,Street,City,StateZip,Telephone,Web
Alison at Blue Bell,721 Skippack Pike,Blue Bell, PA 19422 
Amada,217 Chestnut St,Philadelphia, PA 19106
Ansill,627 S 3rd St,Philadelphia, PA 19147
Barclay Prime,237 S 18th St,Philadelphia, PA 19103
Brasserie Perrier,1619 Walnut St,Philadelphia, PA 19103
Buddakan,325 Chestnut St,Philadelphia, PA 19106
The Capital Grille,1338 Chestnut St,Philadelphia, PA 19107
Carmine's Creole Cafe,818 W Lancaster Ave,Bryn Mawr, PA 19010
Cherry Street Chinese Kosher Vegetarian Restaurant,1010 Cherry St,Philadelphia, PA 19107
Devi,151 W Lincoln Hwy,Exton, PA 1934
Dilworthtown Inn,1390 Old Wilmington Pike,West Chester, PA 19382
Django,526 S 4th St,Philadelphia, PA 19147
Dmitri's,2227 Pine St,Philadelphia, PA 19103
El Vez,121 S 13th St,Philadelphia, PA 19107
Famous 4th Street Delicatessen,700 S 4th St,Philadelphia, PA 19147
Fork,306 Market St,Philadelphia, PA 19106
Fountain Restaurant,1 Logan Square,Philadelphia, PA 19103,
Friday Saturday Sunday,261 S 21st St,Philadelphia, PA 19103,215-546-4232,www.frisatsun.com
Gayle,617 S 3rd St,Philadelphia, PA 19147,215-922-3850,www.gaylephiladelphia.com
Gilmore's,133 E Gay St,West Chester, PA 19380,610-431-2800,www.gilmoresrestaurant.com
Horizons,611 S 7th St,Philadelphia, PA 19147
Jake's,4365 Main St,Philadelphia, PA 19127
John's Roast Pork,14 E Snyder Ave,Philadelphia, PA 19148
Karma,114 Chestnut St,Philadelphia, PA 19106
Kristian's Ristorante,1100 Federal St,Philadelphia, PA 19147
La Lupe,1201 S 9th St,Philadelphia, PA 19147
L'Angolo,1415 W Porter St,Philadelphia, PA 19145
Le Bec-Fin,1523 Walnut St,Philadelphia, PA 19102
Lolita,106 S 13th St,Philadelphia, PA 19107
Los Catrines Restaurant & Tequila's Bar,1602 Locust St,Philadelphia, PA 19103
Margaret Kuo's,175 E Lancaster Ave,Wayne, PA 19087,,www.margaretkuo.com/wayne.html
Marigold Kitchen,501 S 45th St,Philadelphia, PA 19104
Marsha Brown,15 S Main St,New Hope, PA 18938
Matyson,37 S 19th St,Philadelphia, PA 19103
Melograno,2201 Spruce St,Philadelphia, PA 19103
Monk's Cafe,264 S 16th St,Philadelphia, PA 19102
Morimoto,723 Chestnut St,Philadelphia, PA 19106
Moro,1307 N Scott St,Wilmington, DE 19806
Moshulu,401 S Columbus Blvd,Philadelphia, PA 19106
N. 3rd,801 N 3rd St,Philadelphia, PA 19123
Nam Phong,1100 Washington Ave,Philadelphia, PA 19147
Nan,4000 Chestnut St,Philadelphia, PA 19104
Nectar,1091 Lancaster Ave,Berwyn, PA 19312
Paradiso,1627 E Passyunk Ave,Philadelphia, PA 19148
Pasion!,211 S 15th St,Philadelphia, PA 19102
Penang,117 N 10th St,Philadelphia, PA 19107
Pif,1009 S 8th St,Philadelphia, PA 19147
Positano Coast by Aldo Lamberti,212 Walnut St,Philadelphia, PA 19106
Pumpkin,1713 South St,Philadelphia, PA 19146
Radicchio,N 4th St & Wood St,Philadelphia, PA 19106
Rembrandt's,741 N 23rd St,Philadelphia, PA 19130
Restaurant Alba,7 W King St,Malvern, PA 19355
Ritz Seafood,910 Haddonfield Berlin Rd,Voorhees, NJ 08043
Rouge,205 S 18th St,Philadelphia, PA 19103
Sabrina's Cafe,910 Christian St,Philadelphia, PA 19147
Sang Kee Asian Bistro,339 E Lancaster Ave,Wynnewood, PA 19096,610-658-0618,www.sangkeeasianbistro.com
Sansom Street Oyster House,1516 Sansom St,Philadelphia, PA 19102
Savona,100 Old Gulph Rd,Gulph Mills, PA 19428
Siam Lotus,931 Spring Garden St,Philadelphia, PA 19123
Southwark,701 S 4th St,Philadelphia, PA 19147
Sovalo,702 N 2nd St,Philadelphia, PA 19123
Sovana Bistro,696 Unionville Rd,Kennett Square, PA 19348
Standard Tap,901 N 2nd St,Philadelphia, PA 19123
Striped Bass,1500 Walnut St,Philadelphia, PA 19102
Susanna Foo,1512 Walnut St,Philadelphia, PA 19102
Sweet Lucy's Smokehouse,7500 State Rd,Philadelphia, PA 19136
Szechuan Tasty House,902 Arch St,Philadelphia, PA 19107
Tangerine,232 Market St,Philadelphia, PA 19106
Tierra Colombiana,4535 N 5th St,Philadelphia, PA 19140
Vetri,1312 Spruce St,Philadelphia, PA 19107
Vietnam,221 N 11th St,Philadelphia, PA 19107
Villa di Roma,936 S 9th St,Philadelphia, PA 19147
XIX Nineteen,Walnut St & S Broad St,Philadelphia, PA